Label (Grouping),Massachusetts!!Asian Indian alone (400-401)!!Estimate,Massachusetts!!Asian Indian alone (400-401)!!Margin of Error,Massachusetts!!Chinese alone (410-419)!!Estimate,Massachusetts!!Chinese alone (410-419)!!Margin of Error,Massachusetts!!Chinese (except Taiwanese) alone (410-411)!!Estimate,Massachusetts!!Chinese (except Taiwanese) alone (410-411)!!Margin of Error,"Massachusetts!!Asian Indian alone or in any combination (400-401) and (100-299) or (300, A01-Z99) or (400-999)!!Estimate","Massachusetts!!Asian Indian alone or in any combination (400-401) and (100-299) or (300, A01-Z99) or (400-999)!!Margin of Error","Massachusetts!!Chinese alone or in any combination (410-419) and (100-299) or (300, A01-Z99) or (400-999)!!Estimate","Massachusetts!!Chinese alone or in any combination (410-419) and (100-299) or (300, A01-Z99) or (400-999)!!Margin of Error","Massachusetts!!Chinese (except Taiwanese) alone or in any combination (410-411) and (100-299) or (300, A01-Z99) or (400-999)!!Estimate","Massachusetts!!Chinese (except Taiwanese) alone or in any combination (410-411) and (100-299) or (300, A01-Z99) or (400-999)!!Margin of Error",Massachusetts!!Two or more races!!Estimate,Massachusetts!!Two or more races!!Margin of Error,"Massachusetts!!Two or more races excluding Some other race, and three or more races!!Estimate","Massachusetts!!Two or more races excluding Some other race, and three or more races!!Margin of Error",Massachusetts!!Two races without Some Other Race!!Estimate,Massachusetts!!Two races without Some Other Race!!Margin of Error,Massachusetts!!White; Black or African American!!Estimate,Massachusetts!!White; Black or African American!!Margin of Error
TOTAL NUMBER OF RACES REPORTED,,,,,,,,,,,,,,,,,,,,
    Total population,"124,952","±8,366","179,286","±7,799","175,560","±8,026","135,010","±8,239","200,591","±8,395","196,154","±8,751","250,459","±13,147","213,086","±12,277","199,054","±12,120","111,245","±9,745"
        One race,100.00%,±0.2,100.00%,±0.1,100.00%,±0.1,93.30%,±1.9,91.60%,±1.4,91.70%,±1.4,(X),(X),(X),(X),(X),(X),(X),(X)
        Two races,(X),(X),(X),(X),(X),(X),6.10%,±1.8,7.50%,±1.2,7.30%,±1.1,94.40%,±1.1,93.40%,±1.4,100.00%,±0.1,100.00%,±0.2
        Three races,(X),(X),(X),(X),(X),(X),0.60%,±0.5,0.60%,±0.5,0.60%,±0.5,4.90%,±1.1,5.80%,±1.3,(X),(X),(X),(X)
        Four or more races,(X),(X),(X),(X),(X),(X),0.00%,±0.1,0.30%,±0.5,0.30%,±0.5,0.70%,±0.5,0.80%,±0.5,(X),(X),(X),(X)
SEX AND AGE,,,,,,,,,,,,,,,,,,,,
    Total population,"124,952","±8,366","179,286","±7,799","175,560","±8,026","135,010","±8,239","200,591","±8,395","196,154","±8,751","250,459","±13,147","213,086","±12,277","199,054","±12,120","111,245","±9,745"
        Male,53.80%,±1.5,45.80%,±1.3,45.80%,±1.3,53.00%,±1.7,46.30%,±1.3,46.30%,±1.3,49.20%,±1.8,49.10%,±1.9,48.60%,±2.0,48.30%,±2.9
        Female,46.20%,±1.5,54.20%,±1.3,54.20%,±1.3,47.00%,±1.7,53.70%,±1.3,53.70%,±1.3,50.80%,±1.8,50.90%,±1.9,51.40%,±2.0,51.70%,±2.9
        Under 5 years,7.40%,±1.1,3.60%,±0.6,3.70%,±0.6,8.10%,±1.1,4.90%,±0.6,5.00%,±0.6,12.40%,±1.2,11.90%,±1.3,11.70%,±1.4,11.90%,±2.2
        5 to 17 years,15.10%,±1.5,11.10%,±1.2,11.10%,±1.3,16.20%,±1.6,14.10%,±1.2,13.90%,±1.3,30.20%,±1.7,30.90%,±2.0,30.80%,±2.1,31.90%,±3.1
        18 to 24 years,7.10%,±1.1,16.00%,±1.2,16.10%,±1.2,7.40%,±1.1,15.80%,±1.2,15.90%,±1.2,12.20%,±1.2,12.10%,±1.3,12.10%,±1.3,10.60%,±1.7
        25 to 34 years,23.50%,±2.3,20.80%,±1.7,20.70%,±1.7,23.00%,±2.2,20.30%,±1.5,20.20%,±1.5,15.80%,±1.3,16.20%,±1.5,16.50%,±1.7,16.50%,±2.5
        35 to 44 years,21.80%,±1.7,11.90%,±1.0,11.70%,±1.0,20.70%,±1.6,11.50%,±0.9,11.40%,±0.9,10.90%,±1.1,10.70%,±1.1,10.80%,±1.1,11.40%,±2.0
        45 to 54 years,12.20%,±1.3,12.10%,±1.2,12.00%,±1.2,11.80%,±1.3,11.00%,±1.0,11.00%,±1.1,8.20%,±1.1,8.40%,±1.3,8.40%,±1.3,9.20%,±2.0
        55 to 64 years,6.30%,±1.2,11.80%,±1.1,11.90%,±1.2,6.40%,±1.2,10.80%,±1.0,10.90%,±1.0,5.60%,±0.8,5.10%,±0.9,5.00%,±1.0,4.30%,±1.4
        65 to 74 years,4.00%,±1.0,7.10%,±0.8,7.10%,±0.8,3.80%,±0.9,6.50%,±0.7,6.60%,±0.7,3.00%,±0.5,3.00%,±0.5,2.90%,±0.6,1.90%,±0.7
        75 years and over,2.70%,±0.7,5.60%,±0.7,5.60%,±0.7,2.60%,±0.7,5.10%,±0.6,5.10%,±0.7,1.60%,±0.5,1.80%,±0.6,1.80%,±0.7,2.30%,±1.1
        Median age (years),33.9,±0.6,34,±1.0,34,±1.0,33.3,±0.6,32.2,±0.7,32.3,±0.6,22.3,±1.3,22.2,±1.5,22.3,±1.5,21.8,±2.5
        18 years and over,77.50%,±1.5,85.20%,±1.4,85.10%,±1.5,75.70%,±1.5,81.00%,±1.3,81.20%,±1.3,57.40%,±2.0,57.20%,±2.3,57.50%,±2.4,56.10%,±3.4
        21 years and over,75.00%,±1.5,78.20%,±1.6,78.00%,±1.7,73.10%,±1.5,74.10%,±1.5,74.10%,±1.6,51.90%,±2.0,51.70%,±2.4,52.00%,±2.4,51.20%,±3.6
        62 years and over,8.10%,±1.3,16.80%,±1.3,17.00%,±1.3,7.90%,±1.2,15.40%,±1.2,15.60%,±1.2,6.10%,±1.1,6.10%,±1.1,6.00%,±1.2,5.30%,±1.5
        65 years and over,6.70%,±1.2,12.70%,±1.0,12.70%,±1.0,6.40%,±1.1,11.60%,±0.9,11.70%,±0.9,4.60%,±0.8,4.80%,±0.9,4.70%,±0.9,4.10%,±1.2
        Under 18 years,"28,174","±2,858","26,454","±2,906","26,088","±3,030","32,751","±2,810","38,091","±3,079","36,953","±3,231","106,674","±7,973","91,202","±7,534","84,684","±7,564","48,791","±6,276"
            Male,53.50%,±4.5,52.50%,±4.5,52.40%,±4.5,53.00%,±4.0,53.60%,±3.4,53.30%,±3.4,51.70%,±2.6,51.60%,±2.9,50.60%,±2.9,50.60%,±4.1
            Female,46.50%,±4.5,47.50%,±4.5,47.60%,±4.5,47.00%,±4.0,46.40%,±3.4,46.70%,±3.4,48.30%,±2.6,48.40%,±2.9,49.40%,±2.9,49.40%,±4.1
        18 years and over,"96,778","±6,520","152,832","±6,818","149,472","±6,872","102,259","±6,558","162,500","±7,180","159,201","±7,286","143,785","±8,443","121,884","±8,050","114,370","±7,805","62,454","±6,006"
            Male,53.90%,±1.6,44.60%,±1.4,44.60%,±1.5,53.00%,±1.9,44.60%,±1.4,44.70%,±1.4,47.30%,±2.5,47.20%,±2.6,47.20%,±2.6,46.50%,±3.9
            Female,46.10%,±1.6,55.40%,±1.4,55.40%,±1.5,47.00%,±1.9,55.40%,±1.4,55.30%,±1.4,52.70%,±2.5,52.80%,±2.6,52.80%,±2.6,53.50%,±3.9
        18 to 34 years,"38,159","±3,934","66,077","±4,686","64,558","±4,591","41,050","±3,995","72,436","±4,809","70,978","±4,725","70,161","±5,287","60,284","±4,794","56,973","±4,969","30,206","±3,863"
            Male,51.20%,±3.5,45.80%,±2.6,46.00%,±2.7,49.90%,±4.0,45.20%,±2.4,45.60%,±2.4,47.70%,±3.7,47.20%,±4.0,47.30%,±4.1,47.50%,±6.1
            Female,48.80%,±3.5,54.20%,±2.6,54.00%,±2.7,50.10%,±4.0,54.80%,±2.4,54.40%,±2.4,52.30%,±3.7,52.80%,±4.0,52.70%,±4.1,52.50%,±6.1
        35 to 64 years,"50,300","±4,191","64,072","±3,594","62,548","±3,764","52,581","±4,265","66,871","±3,683","65,347","±3,859","62,101","±5,277","51,398","±4,877","48,098","±4,645","27,635","±3,863"
            Male,56.40%,±1.7,43.50%,±1.9,43.30%,±2.0,55.50%,±1.6,44.00%,±1.9,43.80%,±2.0,48.80%,±4.0,49.60%,±4.5,49.40%,±4.8,47.70%,±6.8
            Female,43.60%,±1.7,56.50%,±1.9,56.70%,±2.0,44.50%,±1.6,56.00%,±1.9,56.20%,±2.0,51.20%,±4.0,50.40%,±4.5,50.60%,±4.8,52.30%,±6.8
        65 years and over,"8,319","±1,672","22,683","±1,882","22,366","±1,835","8,628","±1,671","23,193","±1,906","22,876","±1,869","11,523","±2,029","10,202","±1,903","9,299","±1,823","4,613","±1,344"
            Male,51.30%,±6.0,44.20%,±2.5,44.20%,±2.6,52.20%,±6.1,44.60%,±2.4,44.60%,±2.5,37.10%,±7.4,35.00%,±8.0,34.40%,±8.8,32.60%,±14.3
            Female,48.70%,±6.0,55.80%,±2.5,55.80%,±2.6,47.80%,±6.1,55.40%,±2.4,55.40%,±2.5,62.90%,±7.4,65.00%,±8.0,65.60%,±8.8,67.40%,±14.3
RELATIONSHIP,,,,,,,,,,,,,,,,,,,,
    Population in households,"122,057","±8,114","167,276","±7,880","164,146","±8,142","131,647","±7,977","187,289","±8,465","183,448","±8,849","241,013","±13,375","205,727","±12,561","192,379","±12,360","108,425","±9,889"
        Householder or spouse,59.80%,±2.4,59.60%,±2.1,59.40%,±2.1,58.10%,±2.3,56.20%,±1.7,56.10%,±1.7,33.60%,±1.8,33.50%,±2.1,33.40%,±2.1,30.00%,±2.5
        Unmarried partner,0.80%,±0.5,1.30%,±0.4,1.30%,±0.4,0.80%,±0.5,1.40%,±0.4,1.40%,±0.4,2.80%,±0.6,2.90%,±0.7,2.90%,±0.7,2.80%,±1.0
        Child,25.70%,±1.6,22.70%,±1.6,22.80%,±1.7,27.90%,±1.7,26.60%,±1.5,26.60%,±1.5,49.90%,±2.4,49.90%,±2.6,49.80%,±2.7,49.00%,±4.0
        Other relatives,8.20%,±2.1,9.20%,±1.2,9.30%,±1.2,7.90%,±2.0,8.90%,±1.1,9.00%,±1.2,8.30%,±1.6,8.50%,±1.7,8.50%,±1.7,11.80%,±2.8
        Other nonrelatives,5.40%,±1.5,7.20%,±1.3,7.20%,±1.3,5.40%,±1.5,6.80%,±1.2,6.90%,±1.2,5.40%,±1.5,5.10%,±1.7,5.40%,±1.8,6.40%,±3.0
HOUSEHOLDS BY TYPE,,,,,,,,,,,,,,,,,,,,
    Households,"42,451","±3,067","64,238","±3,639","62,820","±3,645","44,772","±2,954","68,371","±3,850","66,887","±3,900","59,108","±4,080","50,042","±3,980","46,504","±3,663","22,861","±2,421"
        Family households,74.80%,±3.9,63.80%,±3.3,63.50%,±3.3,74.40%,±3.8,63.30%,±3.1,62.90%,±3.1,59.90%,±3.7,59.40%,±4.2,59.40%,±4.4,64.40%,±6.3
            With own children of the householder under 18 years,43.70%,±3.7,26.00%,±2.8,26.10%,±2.9,42.70%,±3.4,26.30%,±2.7,26.40%,±2.8,32.00%,±3.3,31.30%,±3.8,31.60%,±3.9,38.40%,±5.5
        Married-couple family,69.60%,±4.0,52.90%,±3.5,52.50%,±3.6,68.70%,±3.8,52.00%,±3.3,51.60%,±3.3,32.20%,±2.8,31.60%,±3.4,31.80%,±3.6,28.10%,±5.3
            With own children of the householder under 18 years,41.50%,±3.5,21.70%,±2.6,21.70%,±2.7,40.60%,±3.3,21.60%,±2.4,21.60%,±2.6,16.80%,±2.5,16.10%,±2.8,16.20%,±3.0,18.30%,±5.2
"        Female householder, no spouse present, family",1.40%,±0.8,6.70%,±1.4,6.60%,±1.5,2.00%,±1.2,7.00%,±1.4,6.90%,±1.4,22.00%,±3.9,21.60%,±4.4,21.70%,±4.7,30.00%,±7.9
            With own children of the householder under 18 years,0.90%,±0.6,3.40%,±1.2,3.40%,±1.2,0.90%,±0.6,3.50%,±1.1,3.60%,±1.2,12.60%,±2.6,12.40%,±2.9,12.50%,±3.2,16.40%,±5.2
        Nonfamily households,25.20%,±3.9,36.20%,±3.3,36.50%,±3.3,25.60%,±3.8,36.70%,±3.1,37.10%,±3.1,40.10%,±3.7,40.60%,±4.2,40.60%,±4.4,35.60%,±6.3
            Male householder,15.20%,±3.1,15.70%,±2.2,15.70%,±2.2,14.80%,±3.0,16.00%,±2.2,16.00%,±2.2,17.20%,±2.8,17.90%,±3.2,18.20%,±3.5,12.60%,±4.1
                Living alone,9.30%,±2.3,9.40%,±2.0,9.30%,±2.1,9.00%,±2.2,9.40%,±2.0,9.30%,±2.0,11.20%,±2.4,11.60%,±2.6,11.50%,±2.9,6.80%,±3.2
                Not living alone,5.90%,±2.0,6.30%,±1.6,6.40%,±1.7,5.80%,±1.9,6.60%,±1.6,6.70%,±1.7,6.00%,±1.6,6.30%,±1.9,6.70%,±2.0,5.90%,±2.7
            Female householder,10.00%,±2.8,20.50%,±2.4,20.80%,±2.4,10.80%,±2.8,20.70%,±2.3,21.10%,±2.4,22.90%,±2.9,22.70%,±3.0,22.40%,±3.3,23.00%,±5.1
                Living alone,6.90%,±2.4,16.20%,±2.4,16.40%,±2.5,7.30%,±2.3,15.80%,±2.4,16.00%,±2.5,15.70%,±2.5,15.10%,±2.6,14.70%,±2.7,16.30%,±4.5
                Not living alone,3.10%,±1.4,4.30%,±1.2,4.40%,±1.2,3.60%,±1.5,4.90%,±1.1,5.00%,±1.2,7.10%,±1.8,7.60%,±2.1,7.70%,±2.2,6.70%,±3.2
        Average household size,2.84,±0.14,2.56,±0.10,2.57,±0.10,2.84,±0.13,2.57,±0.09,2.57,±0.09,2.67,±0.13,2.65,±0.15,2.67,±0.16,3.05,±0.24
        Average family size,3.22,±0.13,3.14,±0.10,3.15,±0.10,3.21,±0.13,3.14,±0.09,3.15,±0.10,3.26,±0.19,3.21,±0.20,3.23,±0.21,3.58,±0.33
MARITAL STATUS,,,,,,,,,,,,,,,,,,,,
    Population 15 years and over,"100,884","±6,728","157,953","±7,132","154,552","±7,199","106,757","±6,719","169,371","±7,479","165,761","±7,638","157,096","±8,489","133,493","±8,350","125,435","±8,078","68,923","±6,297"
"        Now married, except separated",66.90%,±3.0,52.40%,±2.2,52.30%,±2.3,65.60%,±2.9,50.90%,±2.1,50.80%,±2.2,31.30%,±2.4,31.10%,±2.7,31.20%,±2.8,30.10%,±3.9
        Widowed,2.80%,±1.0,4.20%,±0.9,4.30%,±0.9,2.70%,±0.9,3.90%,±0.8,4.00%,±0.8,2.60%,±0.7,2.60%,±0.8,2.60%,±0.9,3.10%,±1.3
        Divorced,1.20%,±0.7,3.40%,±0.9,3.40%,±0.9,1.60%,±0.7,3.50%,±0.9,3.60%,±0.9,7.90%,±1.1,7.70%,±1.3,7.20%,±1.4,6.70%,±1.9
        Separated,0.50%,±0.3,0.60%,±0.3,0.60%,±0.3,0.60%,±0.4,0.60%,±0.3,0.60%,±0.3,2.60%,±0.9,2.50%,±1.0,2.60%,±1.1,4.40%,±1.9
        Never married,28.60%,±2.9,39.50%,±2.2,39.50%,±2.2,29.50%,±2.8,41.00%,±2.1,41.00%,±2.1,55.50%,±2.5,56.10%,±2.8,56.20%,±3.0,55.70%,±4.2
    Male 15 years and over,"54,248","±4,031","70,558","±3,963","69,047","±4,046","56,392","±3,937","75,935","±4,230","74,333","±4,330","74,432","±5,833","62,771","±5,603","58,873","±5,260","31,395","±4,066"
"        Now married, except separated",64.80%,±3.7,54.50%,±3.0,54.40%,±3.0,64.70%,±3.6,52.90%,±2.9,52.90%,±3.0,34.90%,±3.0,35.00%,±3.5,34.80%,±3.7,35.90%,±6.1
        Widowed,1.80%,±1.5,1.10%,±0.5,1.10%,±0.5,1.80%,±1.4,1.00%,±0.5,1.00%,±0.5,0.70%,±0.6,0.80%,±0.7,0.80%,±0.7,1.00%,±1.1
        Divorced,1.10%,±0.8,2.50%,±1.4,2.60%,±1.4,1.00%,±0.8,2.70%,±1.4,2.70%,±1.4,4.10%,±1.4,4.40%,±1.7,4.20%,±1.7,3.70%,±2.5
        Separated,0.30%,±0.3,0.40%,±0.4,0.40%,±0.4,0.30%,±0.3,0.50%,±0.5,0.50%,±0.5,1.60%,±0.9,1.20%,±0.9,1.30%,±1.0,1.80%,±1.6
        Never married,32.00%,±3.7,41.40%,±2.7,41.50%,±2.7,32.20%,±3.5,42.90%,±2.6,42.90%,±2.7,58.70%,±3.0,58.60%,±3.6,59.00%,±3.7,57.60%,±5.8
    Female 15 years and over,"46,636","±3,404","87,395","±4,296","85,505","±4,357","50,365","±3,829","93,436","±4,419","91,428","±4,503","82,664","±5,521","70,722","±5,209","66,562","±5,151","37,528","±4,268"
"        Now married, except separated",69.30%,±3.7,50.70%,±2.3,50.60%,±2.3,66.60%,±3.9,49.30%,±2.2,49.20%,±2.1,28.10%,±3.3,27.60%,±3.6,28.10%,±3.7,25.20%,±4.8
        Widowed,4.00%,±1.4,6.70%,±1.5,6.80%,±1.5,3.70%,±1.4,6.20%,±1.4,6.40%,±1.4,4.30%,±1.3,4.30%,±1.5,4.30%,±1.6,4.90%,±2.3
        Divorced,1.40%,±1.0,4.00%,±1.1,4.00%,±1.1,2.20%,±1.2,4.20%,±1.1,4.30%,±1.1,11.30%,±2.1,10.50%,±2.4,9.90%,±2.5,9.20%,±3.1
        Separated,0.80%,±0.5,0.70%,±0.4,0.80%,±0.4,1.00%,±0.7,0.70%,±0.4,0.70%,±0.4,3.60%,±1.3,3.70%,±1.5,3.90%,±1.5,6.60%,±2.7
        Never married,24.60%,±3.6,37.90%,±2.4,37.80%,±2.4,26.60%,±3.7,39.50%,±2.3,39.50%,±2.3,52.70%,±3.6,53.90%,±4.2,53.80%,±4.4,54.10%,±5.6
SCHOOL ENROLLMENT,,,,,,,,,,,,,,,,,,,,
    Population 3 years and over enrolled in school,"34,521","±3,664","57,308","±4,133","56,055","±4,201","38,833","±3,860","68,413","±4,206","66,605","±4,376","106,282","±6,959","91,608","±6,538","85,256","±6,536","46,941","±5,763"
"        Nursery school, preschool",9.40%,±2.4,4.80%,±1.3,4.90%,±1.3,9.20%,±2.3,5.20%,±1.2,5.30%,±1.2,6.90%,±1.3,7.00%,±1.4,6.90%,±1.5,6.70%,±2.2
        Kindergarten,4.00%,±1.4,3.70%,±1.3,3.80%,±1.3,4.40%,±1.5,4.50%,±1.1,4.60%,±1.2,6.10%,±1.3,5.70%,±1.3,5.10%,±1.3,3.90%,±1.9
        Elementary school (grades 1-8),34.70%,±4.7,19.90%,±2.8,19.80%,±3.0,36.60%,±4.2,24.40%,±2.7,24.00%,±2.9,47.00%,±2.7,47.80%,±2.9,48.30%,±3.1,52.10%,±4.3
        High school (grades 9-12),15.50%,±2.9,14.10%,±2.0,14.40%,±2.0,15.10%,±2.6,14.60%,±1.7,14.50%,±1.7,16.90%,±1.9,16.80%,±2.2,17.10%,±2.3,17.80%,±3.1
        College or graduate school,36.30%,±4.8,57.50%,±3.7,57.20%,±3.8,34.60%,±4.3,51.30%,±3.3,51.50%,±3.4,23.20%,±2.4,22.60%,±2.7,22.50%,±2.8,19.50%,±3.8
        Male 3 years and over enrolled in school,"18,478","±2,489","27,855","±2,810","27,257","±2,792","20,779","±2,536","33,835","±2,946","32,865","±2,941","53,541","±3,943","45,532","±3,819","41,561","±3,666","22,484","±3,046"
            Percent enrolled in kindergarten to grade 12,49.40%,±6.8,40.50%,±5.5,40.50%,±5.7,51.50%,±6.1,47.00%,±5.1,46.30%,±5.3,72.50%,±3.3,73.30%,±3.6,73.10%,±4.0,78.20%,±5.5
            Percent enrolled in college or graduate school,38.80%,±6.3,55.60%,±5.4,55.40%,±5.5,37.20%,±5.6,48.60%,±4.8,49.10%,±4.9,20.90%,±3.0,20.20%,±3.3,20.90%,±3.5,16.40%,±5.4
        Female 3 years and over enrolled in school,"16,043","±2,225","29,453","±2,465","28,798","±2,503","18,054","±2,448","34,578","±2,588","33,740","±2,625","52,741","±5,092","46,076","±4,725","43,695","±4,845","24,457","±4,202"
            Percent enrolled in kindergarten to grade 12,59.70%,±6.7,35.20%,±4.2,35.50%,±4.4,61.60%,±6.1,40.00%,±3.9,40.10%,±4.1,67.30%,±3.9,67.50%,±4.3,68.20%,±4.4,69.70%,±5.4
            Percent enrolled in college or graduate school,33.50%,±6.5,59.30%,±4.5,58.80%,±4.6,31.60%,±6.0,54.10%,±3.9,53.90%,±4.0,25.40%,±3.6,25.00%,±4.1,24.00%,±4.2,22.30%,±4.9
EDUCATIONAL ATTAINMENT,,,,,,,,,,,,,,,,,,,,
    Population 25 years and over,"87,926","±5,657","124,134","±5,853","121,291","±5,918","92,210","±5,768","130,785","±6,096","127,924","±6,192","113,285","±7,769","96,061","±7,484","90,273","±7,169","50,620","±5,471"
        Less than high school diploma,6.10%,±1.9,17.40%,±2.2,17.80%,±2.3,6.40%,±1.8,16.80%,±2.2,17.10%,±2.2,16.20%,±3.3,16.10%,±3.8,16.20%,±4.0,25.40%,±6.1
        High school graduate (includes equivalency),6.10%,±1.9,13.30%,±2.1,13.50%,±2.1,6.70%,±2.0,13.10%,±2.0,13.30%,±2.1,21.10%,±2.4,20.20%,±2.8,20.60%,±2.9,22.20%,±3.6
        Some college or associate's degree,5.90%,±1.4,8.50%,±1.3,8.60%,±1.3,5.80%,±1.3,8.70%,±1.4,8.80%,±1.4,22.10%,±2.9,20.90%,±3.3,20.40%,±3.4,21.50%,±4.2
        Bachelor's degree,26.90%,±3.2,21.80%,±2.3,21.80%,±2.3,26.60%,±3.1,22.30%,±2.2,22.30%,±2.2,22.80%,±2.5,24.10%,±3.0,24.30%,±3.1,18.50%,±4.2
        Graduate or professional degree,55.00%,±3.6,39.00%,±2.4,38.30%,±2.5,54.50%,±3.7,39.10%,±2.4,38.40%,±2.5,17.70%,±2.0,18.60%,±2.3,18.50%,±2.4,12.30%,±3.2
        High school graduate or higher,93.90%,±1.9,82.60%,±2.2,82.20%,±2.3,93.60%,±1.8,83.20%,±2.2,82.90%,±2.2,83.80%,±3.3,83.90%,±3.8,83.80%,±4.0,74.60%,±6.1
"            Male, high school graduate or higher",93.80%,±2.8,82.20%,±3.0,81.90%,±3.0,93.70%,±2.7,82.80%,±2.8,82.50%,±2.9,82.70%,±4.5,82.30%,±5.0,81.70%,±5.3,71.90%,±8.3
"            Female, high school graduate or higher",93.90%,±2.1,82.80%,±2.3,82.50%,±2.3,93.50%,±2.0,83.50%,±2.1,83.20%,±2.2,84.70%,±3.4,85.30%,±3.9,85.70%,±4.2,77.00%,±7.0
        Bachelor's degree or higher,81.90%,±2.9,60.80%,±3.3,60.10%,±3.4,81.10%,±2.8,61.40%,±3.2,60.80%,±3.3,40.50%,±2.9,42.70%,±3.5,42.80%,±3.7,30.90%,±4.7
"            Male, bachelor's degree or higher",82.60%,±3.6,62.50%,±4.1,61.70%,±4.2,82.00%,±3.5,62.30%,±3.9,61.50%,±4.0,37.30%,±4.0,39.90%,±4.6,40.10%,±4.7,28.60%,±6.1
"            Female, bachelor's degree or higher",81.20%,±3.4,59.30%,±3.4,58.70%,±3.5,80.20%,±3.4,60.80%,±3.2,60.20%,±3.3,43.40%,±4.0,45.30%,±4.6,45.20%,±4.9,32.90%,±6.9
FERTILITY,,,,,,,,,,,,,,,,,,,,
    Women 15 to 50 years,"36,325","±2,878","58,887","±3,643","57,269","±3,700","39,272","±3,046","64,503","±3,708","62,767","±3,788","65,071","±4,944","56,257","±4,789","53,357","±4,875","30,431","±4,195"
        Women 15 to 50 years who had a birth in the past 12 months,"2,064",±783,"1,679",±610,"1,679",±610,"2,474",±923,"1,872",±645,"1,872",±645,"2,848",±877,"2,790",±883,"2,753",±893,"1,292",±614
            Unmarried women 15 to 50 years who had a birth in the past 12 months,N,N,N,N,N,N,N,N,N,N,N,N,"1,160",±708,"1,102",±709,"1,065",±724,671,±518
                As a percent of all women with a birth in the past 12 months,N,N,N,N,N,N,N,N,N,N,N,N,40.70%,±20.2,39.50%,±20.5,38.70%,±21.1,51.90%,±29.5
RESPONSIBILITY FOR GRANDCHILDREN UNDER 18 YEARS,,,,,,,,,,,,,,,,,,,,
    Population 30 years and over,"74,126","±5,436","105,493","±4,966","103,161","±5,036","77,509","±5,566","110,810","±5,168","108,526","±5,263","92,005","±6,814","77,666","±6,438","72,675","±5,990","40,944","±4,759"
        Grandparents living with grandchild(ren),5.10%,±1.8,5.70%,±1.4,5.90%,±1.4,5.20%,±1.8,5.50%,±1.3,5.60%,±1.3,3.60%,±1.6,3.20%,±1.7,3.40%,±1.8,4.50%,±2.9
            Grandparents responsible for grandchildren as a percentage of living with grandchildren,15.90%,±10.8,N,N,N,N,14.70%,±10.0,N,N,N,N,22.20%,±15.3,30.10%,±22.4,30.10%,±22.4,32.90%,±27.3
VETERAN STATUS,,,,,,,,,,,,,,,,,,,,
    Civilian population 18 years and over,"96,778","±6,520","152,807","±6,820","149,447","±6,873","102,259","±6,558","162,475","±7,180","159,176","±7,285","143,510","±8,486","121,631","±8,077","114,117","±7,838","62,267","±6,024"
        Civilian veteran,0.70%,±0.4,0.50%,±0.2,0.50%,±0.2,0.80%,±0.4,0.60%,±0.2,0.70%,±0.2,3.00%,±0.7,3.50%,±0.8,3.10%,±0.9,1.50%,±0.8
DISABILITY STATUS,,,,,,,,,,,,,,,,,,,,
    Total civilian noninstitutionalized population,"124,859","±8,346","179,083","±7,785","175,357","±8,011","134,859","±8,222","200,388","±8,383","195,951","±8,737","248,306","±13,280","211,368","±12,365","197,378","±12,205","110,019","±9,860"
        With a disability,3.70%,±0.8,5.10%,±0.8,5.20%,±0.8,3.60%,±0.8,5.00%,±0.7,5.10%,±0.7,10.00%,±1.3,9.70%,±1.4,9.50%,±1.4,9.10%,±2.1
    Civilian noninstitutionalized population under 18 years,"28,174","±2,858","26,454","±2,906","26,088","±3,030","32,693","±2,803","38,091","±3,079","36,953","±3,231","106,174","±8,029","90,702","±7,596","84,184","±7,628","48,349","±6,342"
        With a disability,1.50%,±1.1,1.70%,±1.1,1.70%,±1.1,1.30%,±0.9,1.70%,±0.9,1.70%,±0.9,4.30%,±1.0,4.00%,±1.1,3.90%,±1.1,3.70%,±1.7
    Civilian noninstitutionalized population 18 to 64 years,"88,459","±5,914","130,085","±6,298","127,042","±6,353","93,631","±5,884","139,243","±6,683","136,261","±6,768","130,801","±8,300","110,656","±7,790","104,087","±7,628","57,104","±5,979"
        With a disability,1.90%,±0.8,2.80%,±0.7,2.90%,±0.7,2.10%,±0.8,3.00%,±0.7,3.10%,±0.7,11.60%,±1.7,10.90%,±1.8,10.80%,±1.8,9.50%,±2.4
    Civilian noninstitutionalized population 65 years and older,"8,226","±1,656","22,544","±1,875","22,227","±1,829","8,535","±1,654","23,054","±1,895","22,737","±1,858","11,331","±2,027","10,010","±1,897","9,107","±1,820","4,566","±1,339"
        With a disability,30.10%,±9.1,22.20%,±5.0,22.50%,±5.2,29.20%,±8.8,22.60%,±4.8,22.90%,±4.9,46.40%,±9.1,47.60%,±9.3,46.70%,±9.8,61.70%,±15.0
RESIDENCE 1 YEAR AGO,,,,,,,,,,,,,,,,,,,,
    Population 1 year and over,"123,325","±8,318","178,287","±7,819","174,561","±8,053","133,213","±8,203","198,501","±8,362","194,064","±8,700","244,652","±12,881","208,296","±12,083","194,412","±11,981","109,001","±9,698"
        Same house,77.40%,±3.2,81.80%,±2.1,82.00%,±2.1,77.70%,±3.1,81.80%,±2.0,82.00%,±2.1,85.10%,±1.7,84.90%,±1.9,85.00%,±2.0,87.70%,±2.4
        Different house in the U.S.,18.00%,±2.8,13.00%,±1.7,12.70%,±1.8,17.60%,±2.6,13.40%,±1.7,13.20%,±1.7,13.90%,±1.5,14.10%,±1.7,13.90%,±1.8,12.10%,±2.3
            Same county,9.30%,±2.4,5.70%,±1.3,5.50%,±1.3,9.40%,±2.3,6.10%,±1.2,5.90%,±1.2,7.20%,±1.1,7.30%,±1.2,7.20%,±1.2,7.10%,±1.9
            Different county,8.60%,±1.9,7.30%,±1.1,7.20%,±1.1,8.20%,±1.8,7.40%,±1.0,7.30%,±1.0,6.70%,±1.1,6.80%,±1.2,6.80%,±1.2,5.10%,±1.8
                Same state,3.50%,±1.1,4.10%,±0.9,4.20%,±0.9,3.30%,±1.0,4.10%,±0.8,4.20%,±0.8,3.80%,±0.9,3.70%,±1.0,3.80%,±1.0,3.50%,±1.6
                Different state,5.10%,±1.6,3.10%,±0.8,3.00%,±0.8,4.90%,±1.5,3.30%,±0.7,3.20%,±0.7,2.90%,±0.7,3.10%,±0.8,3.00%,±0.8,1.60%,±0.8
        Abroad,4.70%,±2.1,5.30%,±1.2,5.30%,±1.3,4.70%,±2.1,4.80%,±1.1,4.80%,±1.2,1.00%,±0.6,1.00%,±0.6,1.10%,±0.7,0.20%,±0.3
"PLACE OF BIRTH, CITIZENSHIP STATUS AND YEAR OF ENTRY",,,,,,,,,,,,,,,,,,,,
    Native,"36,786","±3,091","52,141","±4,577","50,844","±4,623","44,226","±3,523","70,767","±5,238","68,759","±5,373","203,340","±11,000","176,429","±10,339","163,708","±10,133","85,593","±8,472"
        Male,55.20%,±4.2,48.10%,±3.5,48.10%,±3.6,52.10%,±3.9,49.00%,±3.0,48.90%,±3.0,48.90%,±2.0,48.60%,±2.1,48.00%,±2.2,47.10%,±3.3
        Female,44.80%,±4.2,51.90%,±3.5,51.90%,±3.6,47.90%,±3.9,51.00%,±3.0,51.10%,±3.0,51.10%,±2.0,51.40%,±2.1,52.00%,±2.2,52.90%,±3.3
    Foreign born,"88,166","±6,854","127,145","±6,398","124,716","±6,410","90,784","±6,778","129,824","±6,485","127,395","±6,501","47,119","±6,258","36,657","±5,691","35,346","±5,709","25,652","±5,235"
        Male,53.20%,±1.9,44.80%,±1.5,44.80%,±1.6,53.40%,±1.9,44.90%,±1.5,44.90%,±1.6,50.40%,±3.6,51.30%,±4.4,51.60%,±4.5,52.30%,±5.6
        Female,46.80%,±1.9,55.20%,±1.5,55.20%,±1.6,46.60%,±1.9,55.10%,±1.5,55.10%,±1.6,49.60%,±3.6,48.70%,±4.4,48.40%,±4.5,47.70%,±5.6
        Foreign born; naturalized U.S. citizen,"41,997","±4,291","62,724","±3,958","61,529","±3,868","43,415","±4,265","64,412","±3,970","63,217","±3,888","18,149","±2,834","12,660","±2,377","12,006","±2,354","7,134","±1,845"
            Male,52.80%,±2.6,42.70%,±2.4,42.30%,±2.5,52.70%,±2.7,42.80%,±2.4,42.40%,±2.5,44.90%,±7.0,46.00%,±9.2,45.40%,±9.4,44.10%,±13.5
            Female,47.20%,±2.6,57.30%,±2.4,57.70%,±2.5,47.30%,±2.7,57.20%,±2.4,57.60%,±2.5,55.10%,±7.0,54.00%,±9.2,54.60%,±9.4,55.90%,±13.5
        Foreign born; not a U.S. citizen,"46,169","±5,327","64,421","±5,850","63,187","±5,795","47,369","±5,362","65,412","±5,880","64,178","±5,825","28,970","±5,862","23,997","±5,685","23,340","±5,731","18,518","±5,297"
            Male,53.60%,±3.3,46.90%,±2.8,47.30%,±2.9,54.00%,±3.2,46.90%,±2.8,47.40%,±2.9,53.80%,±5.3,54.00%,±6.2,54.80%,±6.4,55.50%,±6.9
            Female,46.40%,±3.3,53.10%,±2.8,52.70%,±2.9,46.00%,±3.2,53.10%,±2.8,52.60%,±2.9,46.20%,±5.3,46.00%,±6.2,45.20%,±6.4,44.50%,±6.9
    Population born outside the United States,"88,166","±6,854","127,145","±6,398","124,716","±6,410","90,784","±6,778","129,824","±6,485","127,395","±6,501","47,119","±6,258","36,657","±5,691","35,346","±5,709","25,652","±5,235"
        Entered 2010 or later,41.00%,±4.5,38.20%,±3.0,38.20%,±3.0,41.10%,±4.4,38.20%,±2.9,38.20%,±2.9,37.00%,±5.7,37.90%,±6.7,38.90%,±6.9,35.20%,±8.3
        Entered 2000 to 2009,26.30%,±3.8,22.70%,±2.2,22.90%,±2.3,25.90%,±3.7,22.60%,±2.2,22.80%,±2.3,23.60%,±4.5,23.30%,±5.5,22.40%,±5.6,22.70%,±7.2
        Entered before 2000,32.70%,±3.2,39.10%,±3.1,38.90%,±3.1,33.00%,±3.1,39.20%,±3.1,39.00%,±3.1,39.40%,±4.5,38.70%,±5.0,38.70%,±5.2,42.20%,±6.8
WORLD REGION OF BIRTH OF FOREIGN BORN,,,,,,,,,,,,,,,,,,,,
    Foreign-born population excluding population born at sea,"88,166","±6,854","127,145","±6,398","124,716","±6,410","90,784","±6,778","129,824","±6,485","127,395","±6,501","47,119","±6,258","36,657","±5,691","35,346","±5,709","25,652","±5,235"
        Europe,1.40%,±0.6,0.30%,±0.2,0.30%,±0.2,1.50%,±0.7,0.40%,±0.3,0.40%,±0.3,4.20%,±1.6,4.30%,±1.9,3.70%,±1.8,N,N
        Asia,95.70%,±1.1,98.00%,±0.8,98.00%,±0.8,94.50%,±1.7,97.60%,±0.9,97.60%,±0.9,17.70%,±4.6,17.70%,±5.5,17.80%,±5.6,N,N
        Africa,1.30%,±0.6,0.00%,±0.2,0.00%,±0.2,1.50%,±0.6,0.10%,±0.1,0.10%,±0.1,4.80%,±2.3,1.50%,±1.1,1.00%,±0.8,N,N
        Oceania,0.30%,±0.4,0.10%,±0.1,0.10%,±0.1,0.60%,±0.9,0.10%,±0.1,0.10%,±0.1,1.00%,±1.2,1.30%,±1.5,1.00%,±1.4,N,N
        Latin America,0.40%,±0.3,0.70%,±0.5,0.70%,±0.5,0.70%,±0.5,0.80%,±0.5,0.80%,±0.6,71.10%,±5.4,74.00%,±5.7,75.20%,±5.8,N,N
        Northern America,1.00%,±0.5,0.90%,±0.5,0.90%,±0.5,1.20%,±0.6,0.90%,±0.5,0.90%,±0.5,1.20%,±0.7,1.20%,±0.8,1.30%,±0.8,N,N
LANGUAGE SPOKEN AT HOME AND ABILITY TO SPEAK ENGLISH,,,,,,,,,,,,,,,,,,,,
    Population 5 years and over,"115,674","±8,085","172,763","±7,491","169,037","±7,723","124,139","±8,121","190,732","±8,030","186,433","±8,402","219,368","±11,643","187,741","±11,070","175,697","±10,864","97,992","±8,755"
        English only,22.30%,±2.7,17.60%,±1.5,17.80%,±1.5,25.20%,±3.0,23.00%,±1.8,22.90%,±1.8,62.00%,±3.0,65.70%,±3.2,65.20%,±3.3,55.70%,±5.2
        Language other than English,77.70%,±2.7,82.40%,±1.5,82.20%,±1.5,74.80%,±3.0,77.00%,±1.8,77.10%,±1.8,38.00%,±3.0,34.30%,±3.2,34.80%,±3.3,44.30%,±5.2
            Speak English less than "very well",15.60%,±2.4,41.20%,±1.8,41.70%,±1.9,15.40%,±2.3,37.90%,±1.8,38.40%,±1.9,16.20%,±2.1,15.20%,±2.3,15.70%,±2.4,24.30%,±4.3
EMPLOYMENT STATUS,,,,,,,,,,,,,,,,,,,,
    Population 16 years and over,"99,600","±6,686","156,614","±7,036","153,254","±7,083","105,303","±6,710","167,535","±7,441","164,108","±7,528","152,526","±8,373","129,366","±8,199","121,538","±7,989","66,233","±6,147"
        In labor force,75.50%,±2.1,63.10%,±1.9,62.90%,±2.0,75.20%,±2.1,63.90%,±1.7,63.80%,±1.8,71.30%,±2.1,71.60%,±2.3,71.40%,±2.3,73.20%,±3.8
            Civilian labor force,75.50%,±2.1,63.00%,±1.9,62.90%,±2.0,75.20%,±2.1,63.90%,±1.8,63.80%,±1.8,71.10%,±2.1,71.40%,±2.3,71.20%,±2.3,72.90%,±3.9
                Employed,72.80%,±2.1,60.50%,±1.9,60.30%,±2.0,72.50%,±2.0,61.50%,±1.8,61.30%,±1.8,67.20%,±2.0,67.90%,±2.2,67.60%,±2.1,69.10%,±3.9
                Unemployed,2.70%,±1.0,2.60%,±0.7,2.60%,±0.8,2.70%,±0.9,2.40%,±0.7,2.50%,±0.7,3.90%,±1.1,3.60%,±1.1,3.60%,±1.1,3.90%,±1.6
                    Unemployment Rate,3.60%,±1.2,4.00%,±1.2,4.10%,±1.2,3.60%,±1.1,3.80%,±1.1,3.90%,±1.1,5.50%,±1.5,5.00%,±1.5,5.00%,±1.6,5.30%,±2.2
            Armed Forces,0.00%,±0.2,0.00%,±0.1,0.00%,±0.1,0.00%,±0.2,0.00%,±0.1,0.00%,±0.1,0.20%,±0.2,0.20%,±0.2,0.20%,±0.3,0.30%,±0.4
        Not in labor force,24.50%,±2.1,36.90%,±1.9,37.10%,±2.0,24.80%,±2.1,36.10%,±1.7,36.20%,±1.8,28.70%,±2.1,28.40%,±2.3,28.60%,±2.3,26.80%,±3.8
    Females 16 years and over,"45,954","±3,393","86,962","±4,275","85,072","±4,331","49,612","±3,842","93,003","±4,401","90,995","±4,480","79,969","±5,337","68,285","±5,022","64,125","±4,967","35,318","±4,063"
        In labor force,67.10%,±3.3,60.60%,±2.5,60.60%,±2.6,67.20%,±3.2,62.00%,±2.3,62.00%,±2.4,69.10%,±3.1,69.10%,±3.5,69.10%,±3.5,67.00%,±5.8
            Civilian labor force,67.10%,±3.3,60.60%,±2.5,60.60%,±2.6,67.20%,±3.2,62.00%,±2.3,62.00%,±2.4,69.10%,±3.1,69.10%,±3.5,69.10%,±3.5,67.00%,±5.8
                Employed,64.10%,±3.1,58.50%,±2.4,58.40%,±2.5,64.10%,±2.9,60.00%,±2.3,59.90%,±2.3,65.30%,±3.0,65.20%,±3.3,65.00%,±3.4,62.50%,±5.5
                Unemployed,3.10%,±1.4,2.10%,±0.8,2.10%,±0.8,3.10%,±1.4,2.00%,±0.8,2.00%,±0.8,3.80%,±1.5,3.80%,±1.6,4.10%,±1.7,4.50%,±2.4
                    Unemployment Rate,4.60%,±2.0,3.40%,±1.3,3.50%,±1.3,4.60%,±1.9,3.20%,±1.2,3.30%,±1.2,5.50%,±2.1,5.60%,±2.3,5.90%,±2.4,6.70%,±3.4
COMMUTING TO WORK,,,,,,,,,,,,,,,,,,,,
    Workers 16 years and over,"71,763","±4,645","93,954","±4,981","91,559","±5,000","75,491","±4,661","102,165","±5,307","99,831","±5,347","100,450","±6,936","86,032","±6,742","80,436","±6,385","45,079","±5,265"
"        Car, truck, or van - drove alone",59.50%,±3.4,46.70%,±3.1,46.50%,±3.2,59.40%,±3.3,47.40%,±2.9,47.20%,±3.0,59.20%,±3.2,58.50%,±3.5,58.70%,±3.5,57.20%,±5.6
"        Car, truck, or van - carpooled",6.90%,±1.5,11.10%,±2.0,11.40%,±2.1,7.00%,±1.5,10.80%,±1.8,11.00%,±1.9,9.30%,±1.7,8.20%,±1.7,7.40%,±1.7,8.60%,±2.7
        Public transportation (excluding taxicab),17.80%,±2.5,25.60%,±2.7,25.60%,±2.8,17.70%,±2.6,25.20%,±2.5,25.20%,±2.5,18.80%,±2.8,20.80%,±3.2,21.20%,±3.4,24.60%,±5.4
        Walked,8.20%,±2.4,9.70%,±1.9,9.60%,±2.0,8.00%,±2.3,9.80%,±1.9,9.70%,±1.9,7.40%,±1.6,7.60%,±1.8,7.70%,±1.9,7.20%,±2.6
        Other means,2.50%,±1.0,2.20%,±0.7,2.10%,±0.7,2.60%,±1.0,2.40%,±0.7,2.30%,±0.7,2.50%,±0.9,2.30%,±0.9,2.40%,±0.9,0.80%,±0.9
        Worked from home,5.10%,±1.6,4.70%,±1.3,4.80%,±1.3,5.30%,±1.5,4.50%,±1.2,4.60%,±1.2,2.70%,±0.7,2.60%,±0.8,2.60%,±0.8,1.70%,±1.0
        Mean travel time to work (minutes),34.1,±1.5,36.4,±1.2,36.5,±1.2,33.7,±1.5,35.7,±1.1,35.8,±1.1,31.3,±1.3,31.8,±1.4,31.7,±1.6,32,±2.1
OCCUPATION,,,,,,,,,,,,,,,,,,,,
    Civilian employed population 16 years and over,"72,518","±4,728","94,743","±4,983","92,348","±4,996","76,316","±4,792","102,954","±5,307","100,620","±5,339","102,432","±6,971","87,776","±6,761","82,120","±6,413","45,739","±5,324"
"        Management, business, science, and arts occupations",78.60%,±3.6,65.50%,±3.2,65.00%,±3.3,77.30%,±3.6,65.90%,±3.0,65.50%,±3.1,42.50%,±2.8,41.60%,±2.8,40.60%,±3.0,30.20%,±4.9
        Service occupations,4.50%,±1.8,15.70%,±3.0,16.00%,±3.0,4.90%,±1.7,15.50%,±2.8,15.60%,±2.8,23.30%,±3.2,24.00%,±3.4,24.20%,±3.7,31.90%,±6.2
        Sales and office occupations,11.90%,±2.8,12.60%,±1.5,12.70%,±1.5,11.80%,±2.8,12.80%,±1.5,12.90%,±1.6,18.70%,±2.1,19.00%,±2.4,19.80%,±2.5,20.60%,±3.9
"        Natural resources, construction, and maintenance occupations",0.30%,±0.3,1.50%,±0.7,1.50%,±0.7,0.30%,±0.3,1.40%,±0.6,1.40%,±0.6,5.80%,±1.6,6.00%,±1.7,6.10%,±1.9,6.90%,±2.7
"        Production, transportation, and material moving occupations",4.80%,±1.7,4.80%,±1.3,4.80%,±1.3,5.70%,±1.7,4.50%,±1.2,4.50%,±1.2,9.70%,±1.9,9.40%,±2.0,9.20%,±2.1,10.40%,±2.8
    Male civilian employed population 16 years and over,"43,084","±3,043","43,863","±2,992","42,640","±3,067","44,508","±2,979","47,190","±3,247","46,094","±3,305","50,190","±4,930","43,227","±4,791","40,441","±4,497","23,660","±3,804"
"        Management, business, science, and arts occupations",81.00%,±3.7,67.00%,±4.0,66.50%,±4.0,80.20%,±3.5,66.30%,±3.9,65.80%,±3.9,38.20%,±4.8,36.10%,±4.6,35.30%,±5.0,23.40%,±6.3
        Service occupations,2.60%,±1.2,16.90%,±3.8,17.30%,±3.9,3.20%,±1.3,17.30%,±3.7,17.70%,±3.7,23.60%,±4.9,25.80%,±5.4,26.10%,±5.8,32.50%,±9.1
        Sales and office occupations,9.70%,±2.6,7.30%,±2.0,7.30%,±2.0,9.60%,±2.6,8.00%,±2.1,8.10%,±2.1,13.20%,±3.4,13.10%,±3.6,13.70%,±3.9,14.90%,±5.8
"        Natural resources, construction, and maintenance occupations",0.50%,±0.5,2.20%,±1.0,2.30%,±1.0,0.60%,±0.5,2.10%,±0.9,2.10%,±1.0,11.30%,±2.9,11.60%,±3.2,11.80%,±3.4,12.90%,±4.8
"        Production, transportation, and material moving occupations",6.20%,±2.3,6.60%,±2.0,6.60%,±2.0,6.50%,±2.3,6.30%,±1.9,6.30%,±1.9,13.70%,±3.1,13.40%,±3.3,13.10%,±3.4,16.30%,±4.9
    Female civilian employed population 16 years and over,"29,434","±2,400","50,880","±3,266","49,708","±3,248","31,808","±2,720","55,764","±3,337","54,526","±3,340","52,242","±4,679","44,549","±4,389","41,679","±4,228","22,079","±3,483"
"        Management, business, science, and arts occupations",75.00%,±5.5,64.20%,±4.0,63.80%,±4.1,73.30%,±5.7,65.50%,±3.8,65.30%,±3.9,46.70%,±4.0,47.00%,±4.3,45.80%,±4.4,37.50%,±7.0
        Service occupations,7.30%,±3.8,14.70%,±3.2,14.80%,±3.3,7.20%,±3.6,13.90%,±2.9,13.90%,±3.0,23.00%,±3.7,22.20%,±3.9,22.30%,±4.0,31.30%,±6.8
        Sales and office occupations,15.10%,±4.2,17.10%,±2.3,17.30%,±2.4,14.90%,±4.2,16.90%,±2.3,17.00%,±2.3,23.90%,±3.6,24.80%,±4.1,25.70%,±4.3,26.60%,±6.8
"        Natural resources, construction, and maintenance occupations",0.00%,±0.7,0.80%,±0.9,0.80%,±0.9,0.00%,±0.6,0.80%,±0.8,0.80%,±0.8,0.50%,±0.6,0.60%,±0.7,0.60%,±0.8,0.50%,±0.8
"        Production, transportation, and material moving occupations",2.60%,±1.6,3.20%,±1.3,3.30%,±1.3,4.50%,±2.1,2.90%,±1.2,3.00%,±1.2,5.90%,±2.1,5.50%,±2.4,5.50%,±2.5,4.10%,±2.9
INDUSTRY,,,,,,,,,,,,,,,,,,,,
    Civilian employed population 16 years and over,"72,518","±4,728","94,743","±4,983","92,348","±4,996","76,316","±4,792","102,954","±5,307","100,620","±5,339","102,432","±6,971","87,776","±6,761","82,120","±6,413","45,739","±5,324"
"        Agriculture, forestry, fishing and hunting, and mining",0.00%,±0.3,0.10%,±0.1,0.10%,±0.1,0.00%,±0.3,0.10%,±0.1,0.10%,±0.1,0.10%,±0.2,0.10%,±0.2,0.10%,±0.2,0.00%,±0.4
        Construction,0.50%,±0.4,1.10%,±0.6,1.10%,±0.6,0.60%,±0.4,1.00%,±0.5,1.10%,±0.5,4.10%,±1.2,3.70%,±1.4,3.80%,±1.5,4.70%,±2.3
        Manufacturing,14.20%,±2.4,11.10%,±1.8,11.10%,±1.8,14.30%,±2.4,10.50%,±1.6,10.60%,±1.7,6.20%,±1.3,5.60%,±1.4,5.50%,±1.5,4.00%,±1.7
        Wholesale trade,1.10%,±0.8,1.90%,±0.7,1.80%,±0.7,1.00%,±0.8,1.80%,±0.6,1.70%,±0.6,2.40%,±1.0,2.50%,±1.2,2.60%,±1.3,3.50%,±2.0
        Retail trade,10.70%,±2.5,6.20%,±1.3,6.30%,±1.3,10.40%,±2.4,6.30%,±1.3,6.40%,±1.3,9.40%,±1.7,9.60%,±2.1,9.70%,±2.2,9.80%,±3.3
"        Transportation and warehousing, and utilities",2.00%,±0.8,2.60%,±0.8,2.60%,±0.8,1.90%,±0.8,2.40%,±0.7,2.30%,±0.8,3.20%,±1.1,3.10%,±1.2,3.00%,±1.2,4.50%,±2.2
        Information,2.90%,±1.0,3.20%,±0.9,3.20%,±0.9,2.80%,±1.0,3.10%,±0.9,3.10%,±0.9,2.70%,±0.8,2.40%,±0.8,2.50%,±0.9,2.10%,±1.1
"        Finance and insurance, and real estate and rental and leasing",10.50%,±2.4,7.10%,±1.2,7.10%,±1.3,10.20%,±2.3,7.10%,±1.2,7.20%,±1.2,4.80%,±1.0,4.70%,±1.1,4.70%,±1.2,3.50%,±1.7
"        Professional, scientific, and management, and administrative and waste management services",29.30%,±2.4,19.30%,±2.3,19.10%,±2.4,28.30%,±2.3,19.30%,±2.2,19.30%,±2.3,15.50%,±2.3,16.10%,±2.5,15.80%,±2.7,16.70%,±4.3
"        Educational services, and health care and social assistance",22.90%,±2.9,29.80%,±3.1,29.40%,±3.1,24.50%,±2.9,30.40%,±2.9,30.10%,±2.9,26.90%,±2.2,27.20%,±2.6,27.10%,±2.8,21.70%,±3.3
"        Arts, entertainment, and recreation, and accommodation and food services",3.00%,±1.2,13.30%,±3.1,13.60%,±3.2,3.40%,±1.1,13.00%,±2.9,13.20%,±3.0,14.70%,±2.3,15.40%,±2.6,15.80%,±2.7,20.30%,±4.2
        Other services (except public administration),1.90%,±0.9,2.90%,±0.9,2.80%,±0.9,1.80%,±0.9,2.70%,±0.9,2.70%,±0.9,5.00%,±1.2,4.40%,±1.3,4.40%,±1.4,3.70%,±2.0
        Public administration,0.90%,±0.5,1.60%,±0.6,1.70%,±0.6,0.90%,±0.5,2.10%,±0.7,2.20%,±0.7,5.00%,±1.5,5.20%,±1.7,5.10%,±1.8,5.30%,±2.8
CLASS OF WORKER,,,,,,,,,,,,,,,,,,,,
    Civilian employed population 16 years and over,"72,518","±4,728","94,743","±4,983","92,348","±4,996","76,316","±4,792","102,954","±5,307","100,620","±5,339","102,432","±6,971","87,776","±6,761","82,120","±6,413","45,739","±5,324"
        Private wage and salary workers,93.40%,±1.5,89.10%,±1.4,89.30%,±1.4,93.20%,±1.4,88.40%,±1.4,88.60%,±1.4,81.60%,±2.5,81.10%,±2.8,81.70%,±2.9,83.10%,±4.6
        Government workers,4.70%,±1.3,7.40%,±1.1,7.10%,±1.2,4.90%,±1.3,8.10%,±1.1,7.90%,±1.1,13.50%,±2.0,13.90%,±2.4,13.40%,±2.4,13.20%,±3.7
        Self-employed workers in own not incorporated business,1.60%,±0.9,3.10%,±0.9,3.20%,±0.9,1.70%,±0.9,3.00%,±0.8,3.10%,±0.8,4.80%,±1.6,4.90%,±1.9,4.80%,±2.0,3.70%,±2.9
        Unpaid family workers,0.20%,±0.3,0.40%,±0.4,0.40%,±0.4,0.20%,±0.3,0.50%,±0.4,0.50%,±0.4,0.10%,±0.1,0.10%,±0.2,0.10%,±0.2,0.00%,±0.4
INCOME IN THE PAST 12 MONTHS (IN 2019 INFLATION-ADJUSTED DOLLARS),,,,,,,,,,,,,,,,,,,,
    Households,"42,451","±3,067","64,238","±3,639","62,820","±3,645","44,772","±2,954","68,371","±3,850","66,887","±3,900","59,108","±4,080","50,042","±3,980","46,504","±3,663","22,861","±2,421"
        Median household income (dollars),"153,311","±16,444","84,647","±9,227","84,060","±9,644","150,924","±9,310","85,814","±8,948","85,473","±9,581","69,083","±7,754","70,475","±8,022","70,479","±9,451","62,977","±10,897"
        With earnings,94.40%,±1.6,79.00%,±2.4,78.90%,±2.4,94.30%,±1.6,80.20%,±2.3,80.00%,±2.3,85.00%,±2.8,85.30%,±3.0,85.70%,±3.0,87.30%,±4.5
            Mean earnings (dollars),"194,878","±13,941","139,191","±10,912","138,470","±11,231","190,453","±13,449","137,402","±10,428","136,799","±10,746","95,827","±6,631","96,678","±7,050","95,986","±7,412","85,357","±8,928"
        With Social Security income,8.40%,±2.2,17.80%,±2.6,17.90%,±2.6,8.80%,±2.1,17.30%,±2.5,17.40%,±2.5,18.50%,±3.4,19.40%,±3.8,19.00%,±3.9,18.40%,±5.5
            Mean Social Security income (dollars),"18,915","±3,510","14,402","±1,589","14,109","±1,589","19,252","±3,275","14,568","±1,541","14,287","±1,540","15,411","±1,779","15,412","±1,942","15,682","±2,189","12,425","±1,995"
        With Supplemental Security Income,2.50%,±1.2,5.60%,±1.5,5.70%,±1.5,2.40%,±1.1,5.40%,±1.4,5.50%,±1.4,8.50%,±2.3,7.80%,±2.6,7.70%,±2.8,7.40%,±3.9
            Mean Supplemental Security Income (dollars),"9,200","±2,401","8,162","±1,000","8,162","±1,000","9,200","±2,401","8,419","±1,063","8,419","±1,063","8,939","±1,048","8,340",±794,"8,513",±749,"8,011",±659
        With cash public assistance income,1.60%,±1.0,3.80%,±1.1,3.90%,±1.1,1.50%,±0.9,3.60%,±1.1,3.70%,±1.1,4.70%,±1.7,4.20%,±1.8,4.30%,±2.0,5.30%,±3.5
            Mean cash public assistance income (dollars),"4,759","±2,791","3,024",±930,"3,024",±930,"4,759","±2,791","2,974",±929,"2,974",±929,"3,108","±1,102","3,621","±1,406","3,663","±1,486","3,359","±1,023"
        With retirement income,6.10%,±1.6,10.90%,±2.4,10.90%,±2.4,6.40%,±1.7,10.90%,±2.1,10.90%,±2.2,12.20%,±2.3,12.30%,±2.4,11.20%,±2.3,8.20%,±3.0
            Mean retirement income (dollars),"24,970","±5,944","24,115","±7,343","23,324","±7,334","25,619","±6,410","23,827","±6,949","23,082","±6,912","23,387","±5,304","24,256","±5,801","23,339","±6,241","19,664","±4,566"
        With Food Stamp/SNAP benefits,3.30%,±1.5,11.40%,±2.0,11.60%,±2.1,3.80%,±1.5,10.80%,±1.9,11.00%,±1.9,18.30%,±2.9,17.20%,±3.2,16.70%,±3.4,20.70%,±5.9
    Families,"31,756","±2,366","41,005","±2,600","39,893","±2,560","33,317","±2,375","43,249","±2,566","42,071","±2,589","35,430","±2,955","29,717","±2,993","27,625","±2,940","14,718","±2,337"
        Median family income (dollars),"181,342","±9,911","110,420","±12,448","110,619","±12,845","180,108","±7,997","111,661","±11,385","112,048","±12,057","73,788","±6,109","73,504","±6,835","73,246","±7,345","58,346","±23,972"
            Married-couple family,93.00%,±2.7,82.90%,±3.1,82.70%,±3.3,92.30%,±2.9,82.20%,±3.0,82.00%,±3.1,53.70%,±5.0,53.20%,±6.2,53.60%,±6.7,43.70%,±9.1
        Median income (dollars),"181,985","±11,327","120,446","±10,114","120,649","±10,453","181,142","±8,810","121,238","±10,862","121,575","±11,227","112,045","±11,904","113,377","±20,552","112,602","±18,361","112,526","±43,773"
"            Male householder, no spouse present, family",5.00%,±2.7,6.70%,±2.4,6.90%,±2.5,5.00%,±2.6,6.80%,±2.3,6.90%,±2.4,9.60%,±3.5,10.40%,±4.2,9.90%,±4.2,9.70%,±6.2
        Median income (dollars),"222,035","±148,032","72,047","±20,748","72,047","±20,748","221,218","±157,863","70,906","±13,989","70,906","±13,989","76,481","±28,267","76,527","±27,245","77,039","±33,986","89,071","±66,755"
"            Female householder, no husband present, family",1.90%,±1.0,10.50%,±2.2,10.40%,±2.2,2.60%,±1.5,11.00%,±2.1,11.00%,±2.2,36.70%,±5.3,36.40%,±6.1,36.50%,±6.5,46.60%,±10.0
        Median income (dollars),"105,198","±61,002","56,360","±17,132","54,526","±19,752","74,250","±43,714","57,714","±14,269","56,397","±17,430","33,169","±8,756","36,104","±14,598","36,246","±14,764","32,074","±14,434"
    Individuals,"124,952","±8,366","179,286","±7,799","175,560","±8,026","135,010","±8,239","200,591","±8,395","196,154","±8,751","250,459","±13,147","213,086","±12,277","199,054","±12,120","111,245","±9,745"
        Per capita income (dollars),"68,518","±4,423","44,920","±3,267","44,430","±3,350","65,169","±4,100","42,889","±2,799","42,656","±2,856","24,089","±1,650","24,120","±1,770","23,999","±1,886","21,030","±2,291"
"        With earnings for full-time, year-round workers:",,,,,,,,,,,,,,,,,,,,
            Male,"36,384","±2,719","33,426","±2,548","32,400","±2,602","37,279","±2,702","35,945","±2,711","35,046","±2,767","35,520","±4,096","30,674","±4,008","28,692","±3,753","17,198","±3,202"
            Female,"20,894","±2,293","32,800","±2,438","32,351","±2,440","22,393","±2,431","35,264","±2,656","34,815","±2,647","30,667","±3,967","25,878","±3,654","24,640","±3,493","12,854","±2,886"
"        Mean earnings (dollars)  for full-time, year-round workers:",,,,,,,,,,,,,,,,,,,,
            Male,"137,938","±10,553","102,463","±7,877","101,487","±8,192","136,267","±10,435","101,029","±7,583","100,219","±7,880","70,442","±7,048","70,264","±7,726","69,429","±8,165","59,651","±6,459"
            Female,"116,737","±15,650","91,863","±12,373","92,169","±12,416","113,675","±14,804","91,610","±11,447","91,891","±11,476","62,651","±4,551","63,053","±4,861","62,784","±4,907","57,196","±6,764"
"        Median earnings (dollars) full-time, year-round workers:",,,,,,,,,,,,,,,,,,,,
            Male,"117,316","±6,096","88,554","±11,344","87,175","±11,885","116,720","±5,272","85,807","±10,216","85,252","±10,087","54,112","±7,937","52,480","±8,645","52,054","±6,597","44,854","±11,757"
            Female,"100,256","±8,638","69,371","±5,939","69,932","±5,950","94,697","±10,651","69,059","±5,483","69,498","±5,380","52,638","±4,546","53,301","±4,764","53,081","±4,805","50,416","±4,478"
HEALTH INSURANCE COVERAGE,,,,,,,,,,,,,,,,,,,,
    Civilian noninstitutionalized population,"124,859","±8,346","179,083","±7,785","175,357","±8,011","134,859","±8,222","200,388","±8,383","195,951","±8,737","248,306","±13,280","211,368","±12,365","197,378","±12,205","110,019","±9,860"
        With private health insurance,89.50%,±2.3,76.90%,±1.9,76.70%,±1.9,89.20%,±2.3,78.30%,±1.8,78.10%,±1.8,65.50%,±2.8,65.80%,±3.0,65.30%,±3.1,50.30%,±4.6
        With public coverage,13.90%,±2.4,26.00%,±2.1,26.20%,±2.1,14.20%,±2.4,24.50%,±2.0,24.70%,±2.0,38.00%,±2.7,37.60%,±2.8,37.90%,±2.9,50.30%,±4.1
        No health insurance coverage,0.80%,±0.4,3.00%,±0.9,3.10%,±0.9,0.80%,±0.3,2.80%,±0.8,2.90%,±0.8,3.20%,±0.7,3.10%,±0.9,3.10%,±0.9,4.40%,±1.6
POVERTY RATES FOR FAMILIES AND PEOPLE FOR WHOM POVERTY STATUS IS DETERMINED,,,,,,,,,,,,,,,,,,,,
    All families,1.60%,±1.0,8.40%,±2.4,8.60%,±2.5,1.50%,±0.9,8.10%,±2.2,8.30%,±2.3,13.70%,±3.6,13.50%,±4.2,13.60%,±4.4,17.10%,±7.5
        With related children of the householder under 18 years,N,N,7.70%,±4.0,7.90%,±4.1,N,N,7.40%,±3.8,7.50%,±3.8,20.20%,±5.9,20.60%,±6.7,20.60%,±7.0,22.60%,±10.2
            With related children of the householder under 5 years only,N,N,N,N,N,N,N,N,N,N,N,N,16.20%,±10.1,14.50%,±10.7,12.40%,±10.3,N,N
        Married-couple family,N,N,8.70%,±2.9,9.00%,±3.0,N,N,8.40%,±2.7,8.70%,±2.8,4.50%,±3.7,4.80%,±4.3,5.10%,±4.6,9.80%,±10.2
            With related children of the householder under 18 years,N,N,7.50%,±4.7,7.70%,±4.8,N,N,7.30%,±4.5,7.50%,±4.6,N,N,N,N,N,N,N,N
                With related children of the householder under 5 years only,N,N,N,N,N,N,N,N,N,N,N,N,N,N,N,N,N,N,N,N
"        Female householder, no spouse present, family",N,N,11.00%,±7.5,11.30%,±7.7,N,N,10.70%,±6.8,11.00%,±6.9,28.70%,±8.3,28.40%,±9.6,28.10%,±9.8,27.60%,±12.8
            With related children of the householder under 18 years,N,N,11.90%,±10.9,11.90%,±10.9,N,N,10.70%,±10.0,10.70%,±10.0,39.40%,±9.9,39.60%,±11.4,39.20%,±11.7,37.60%,±15.6
                With related children of the householder under 5 years only,N,N,N,N,N,N,N,N,N,N,N,N,53.10%,±29.1,50.90%,±33.0,44.30%,±35.4,N,N
    All people,4.80%,±1.5,15.40%,±2.4,15.60%,±2.4,4.80%,±1.4,14.30%,±2.1,14.50%,±2.1,15.60%,±2.4,14.40%,±2.5,14.60%,±2.6,16.80%,±3.9
        Under 18 years,2.00%,±2.2,10.40%,±5.4,10.60%,±5.4,2.20%,±1.9,8.50%,±3.9,8.70%,±4.0,18.20%,±3.7,16.50%,±3.7,16.80%,±3.9,21.70%,±5.6
            Related children of the householder under 18 years,N,N,9.60%,±5.3,9.70%,±5.4,2.20%,±1.9,7.40%,±3.8,7.60%,±3.9,17.80%,±3.7,16.30%,±3.8,16.60%,±3.9,21.60%,±5.6
                Related children of the householder under 5 years,N,N,8.40%,±5.6,8.40%,±5.6,2.90%,±3.1,7.70%,±4.5,7.90%,±4.5,14.70%,±4.9,13.30%,±5.2,13.30%,±5.5,15.30%,±7.5
                Related children of the householder 5 to 17 years,N,N,10.00%,±6.4,10.20%,±6.4,1.90%,±1.4,7.30%,±4.6,7.50%,±4.7,19.10%,±4.3,17.40%,±4.3,17.80%,±4.5,24.00%,±6.7
        18 years and over,5.60%,±1.6,16.30%,±2.2,16.60%,±2.2,5.60%,±1.6,15.70%,±2.0,16.00%,±2.1,13.50%,±2.3,12.80%,±2.5,12.90%,±2.6,13.00%,±3.8
            18 to 64 years,5.60%,±1.8,14.50%,±2.4,14.70%,±2.4,5.60%,±1.7,14.00%,±2.2,14.20%,±2.2,13.50%,±2.4,12.70%,±2.6,12.80%,±2.6,12.30%,±3.8
            65 years and over,5.90%,±4.9,25.90%,±5.1,26.20%,±5.2,5.70%,±4.8,25.30%,±5.0,25.60%,±5.1,14.20%,±6.4,13.70%,±6.6,14.50%,±7.2,20.70%,±13.8
        People in families,1.60%,±1.1,7.40%,±2.5,7.60%,±2.6,1.60%,±1.0,6.80%,±2.2,7.00%,±2.3,13.50%,±2.8,12.30%,±2.9,12.50%,±3.0,15.90%,±4.4
        Unrelated individuals 15 years and over,22.90%,±6.7,42.90%,±5.0,43.30%,±5.1,23.00%,±6.4,41.30%,±4.9,41.50%,±4.9,25.30%,±4.0,23.90%,±4.5,24.00%,±4.4,21.30%,±6.0
HOUSING TENURE,,,,,,,,,,,,,,,,,,,,
    Occupied housing units,"42,451","±3,067","64,238","±3,639","62,820","±3,645","44,772","±2,954","68,371","±3,850","66,887","±3,900","59,108","±4,080","50,042","±3,980","46,504","±3,663","22,861","±2,421"
        Owner-occupied housing units,57.00%,±3.9,54.20%,±3.4,54.10%,±3.5,56.50%,±3.9,54.60%,±3.3,54.40%,±3.4,39.00%,±3.5,37.90%,±3.9,36.70%,±4.2,24.20%,±5.9
        Renter-occupied housing units,43.00%,±3.9,45.80%,±3.4,45.90%,±3.5,43.50%,±3.9,45.40%,±3.3,45.60%,±3.4,61.00%,±3.5,62.10%,±3.9,63.30%,±4.2,75.80%,±5.9
        Average household size of owner-occupied unit,3.16,±0.16,2.98,±0.11,2.98,±0.12,3.16,±0.16,2.97,±0.11,2.97,±0.11,3.02,±0.23,2.98,±0.26,2.98,±0.28,3.87,±0.59
        Average household size of renter-occupied unit,2.42,±0.20,2.07,±0.14,2.08,±0.14,2.41,±0.18,2.09,±0.13,2.1,±0.14,2.44,±0.18,2.45,±0.19,2.49,±0.20,2.78,±0.27
UNITS IN STRUCTURE,,,,,,,,,,,,,,,,,,,,
    Occupied housing units,"42,451","±3,067","64,238","±3,639","62,820","±3,645","44,772","±2,954","68,371","±3,850","66,887","±3,900","59,108","±4,080","50,042","±3,980","46,504","±3,663","22,861","±2,421"
"        1-unit, detached or attached",51.60%,±3.6,41.90%,±3.2,41.60%,±3.3,51.30%,±3.6,42.00%,±3.0,41.80%,±3.1,34.60%,±4.0,34.50%,±4.4,34.10%,±4.6,24.40%,±6.4
        2 to 4 units,10.00%,±2.3,16.50%,±2.2,16.40%,±2.2,10.40%,±2.1,16.90%,±2.1,16.80%,±2.1,33.50%,±3.8,34.30%,±4.3,34.90%,±4.3,47.40%,±6.8
        5 or more units,37.90%,±3.4,41.40%,±3.2,41.70%,±3.3,37.80%,±3.5,40.90%,±3.2,41.20%,±3.3,31.50%,±3.3,30.90%,±3.9,30.80%,±4.2,28.20%,±5.0
"        Mobile home, boat, RV, van, etc.",0.40%,±0.7,0.20%,±0.3,0.20%,±0.3,0.50%,±0.7,0.20%,±0.2,0.20%,±0.2,0.30%,±0.3,0.30%,±0.3,0.20%,±0.2,0.00%,±0.8
YEAR STRUCTURE BUILT,,,,,,,,,,,,,,,,,,,,
    Occupied housing units,"42,451","±3,067","64,238","±3,639","62,820","±3,645","44,772","±2,954","68,371","±3,850","66,887","±3,900","59,108","±4,080","50,042","±3,980","46,504","±3,663","22,861","±2,421"
        Built 2014 or later,9.10%,±1.9,7.60%,±2.3,7.10%,±2.3,8.70%,±1.8,7.20%,±2.2,6.80%,±2.1,3.20%,±1.2,3.40%,±1.3,3.70%,±1.4,3.80%,±2.1
        Built 2010 to 2013,5.90%,±2.4,3.30%,±0.9,3.30%,±0.9,5.60%,±2.3,3.10%,±0.8,3.10%,±0.9,1.40%,±0.8,1.40%,±0.9,1.40%,±1.0,1.50%,±1.9
        Built 2000 to 2009,13.40%,±2.8,10.80%,±1.9,11.10%,±2.0,12.70%,±2.7,10.50%,±1.9,10.70%,±1.9,5.70%,±1.8,5.60%,±2.0,5.50%,±2.1,5.60%,±3.6
        Built 1980 to 1999,27.40%,±3.4,19.20%,±2.3,19.50%,±2.4,26.60%,±3.2,19.10%,±2.4,19.30%,±2.4,14.40%,±3.3,14.20%,±3.4,13.80%,±3.5,12.60%,±4.9
        Built 1960 to 1979,19.40%,±3.2,19.90%,±2.3,19.90%,±2.4,20.60%,±3.3,19.60%,±2.4,19.60%,±2.4,19.50%,±3.0,17.70%,±2.8,17.40%,±2.9,15.00%,±5.0
        Built 1940 to 1959,9.00%,±2.0,11.50%,±1.7,11.60%,±1.8,9.20%,±1.9,12.30%,±1.7,12.40%,±1.7,12.20%,±2.4,11.60%,±2.6,11.00%,±2.7,9.00%,±4.0
        Built 1939 or earlier,15.80%,±3.4,27.70%,±2.8,27.60%,±2.8,16.80%,±3.1,28.20%,±2.9,28.10%,±3.0,43.60%,±4.1,46.10%,±4.4,47.20%,±4.4,52.50%,±6.4
VEHICLES AVAILABLE,,,,,,,,,,,,,,,,,,,,
    Occupied housing units,"42,451","±3,067","64,238","±3,639","62,820","±3,645","44,772","±2,954","68,371","±3,850","66,887","±3,900","59,108","±4,080","50,042","±3,980","46,504","±3,663","22,861","±2,421"
        None,14.90%,±2.5,26.80%,±3.3,27.40%,±3.4,15.90%,±2.6,26.20%,±3.2,26.80%,±3.3,22.30%,±3.3,22.40%,±3.6,22.50%,±4.0,26.40%,±6.6
        1 or more,85.10%,±2.5,73.20%,±3.3,72.60%,±3.4,84.10%,±2.6,73.80%,±3.2,73.20%,±3.3,77.70%,±3.3,77.60%,±3.6,77.50%,±4.0,73.60%,±6.6
HOUSE HEATING FUEL,,,,,,,,,,,,,,,,,,,,
    Occupied housing units,"42,451","±3,067","64,238","±3,639","62,820","±3,645","44,772","±2,954","68,371","±3,850","66,887","±3,900","59,108","±4,080","50,042","±3,980","46,504","±3,663","22,861","±2,421"
        Gas,63.20%,±4.0,62.10%,±3.9,61.80%,±4.0,62.80%,±4.0,60.80%,±3.8,60.50%,±3.9,58.50%,±3.7,57.50%,±4.1,57.60%,±4.3,62.00%,±7.0
        Electricity,19.40%,±3.3,25.50%,±3.3,25.90%,±3.5,19.60%,±3.2,25.00%,±3.2,25.40%,±3.3,24.90%,±3.1,25.20%,±3.5,25.80%,±3.6,27.50%,±6.3
        All other fuels,16.50%,±3.0,11.60%,±2.3,11.40%,±2.2,16.70%,±2.9,13.30%,±2.2,13.10%,±2.1,15.70%,±3.0,16.50%,±3.2,16.10%,±3.3,10.10%,±3.8
        No fuel used,0.90%,±0.6,0.90%,±0.5,0.90%,±0.5,1.00%,±0.6,0.90%,±0.5,0.90%,±0.5,0.90%,±0.4,0.80%,±0.4,0.50%,±0.4,0.40%,±0.5
SELECTED CHARACTERISTICS,,,,,,,,,,,,,,,,,,,,
    Occupied housing units,"42,451","±3,067","64,238","±3,639","62,820","±3,645","44,772","±2,954","68,371","±3,850","66,887","±3,900","59,108","±4,080","50,042","±3,980","46,504","±3,663","22,861","±2,421"
        No telephone service available,N,N,1.40%,±1.0,1.40%,±1.0,0.30%,±0.3,1.40%,±0.9,1.40%,±1.0,1.30%,±1.0,1.30%,±1.2,1.30%,±1.3,N,N
        1.01 or more occupants per room,6.30%,±2.6,5.40%,±1.6,5.60%,±1.7,6.40%,±2.6,5.30%,±1.6,5.40%,±1.6,4.90%,±2.2,4.40%,±2.3,4.50%,±2.3,4.90%,±3.3
SELECTED MONTHLY OWNER COSTS AS A PERCENTAGE OF HOUSEHOLD INCOME IN THE PAST 12 MONTHS,,,,,,,,,,,,,,,,,,,,
    Housing units with a mortgage (excluding units where SMOC cannot be computed),"18,691","±1,864","21,114","±2,075","20,473","±2,118","19,568","±1,889","22,796","±2,184","22,089","±2,249","18,723","±2,423","15,563","±2,288","14,387","±2,239","4,917","±1,431"
        Less than 30 percent,79.70%,±4.8,68.30%,±4.9,68.10%,±5.1,77.40%,±5.0,67.90%,±4.8,67.80%,±5.0,63.50%,±7.0,62.40%,±7.9,62.70%,±8.1,72.70%,±11.8
        30 percent or more,20.30%,±4.8,31.70%,±4.9,31.90%,±5.1,22.60%,±5.0,32.10%,±4.8,32.20%,±5.0,36.50%,±7.0,37.60%,±7.9,37.30%,±8.1,27.30%,±11.8
OWNER CHARACTERISTICS,,,,,,,,,,,,,,,,,,,,
    Owner-occupied housing units,"24,187","±1,974","34,844","±2,569","34,011","±2,637","25,299","±2,027","37,304","±2,632","36,405","±2,730","23,062","±2,583","18,984","±2,445","17,076","±2,354","5,524","±1,520"
        Median value (dollars),"624,700","±28,234","604,000","±25,161","601,800","±25,723","620,900","±28,031","597,000","±23,933","595,300","±24,549","382,200","±31,389","382,600","±33,147","384,000","±36,095","374,300","±33,021"
        Median selected monthly owner costs with a mortgage (dollars),"3,195",±128,"2,891",±174,"2,883",±179,"3,179",±131,"2,827",±153,"2,824",±158,"2,196",±141,"2,221",±170,"2,203",±175,"2,179",±186
        Median selected monthly owner costs without a mortgage (dollars),"1,167",±176,923,±63,916,±61,"1,127",±191,938,±63,931,±63,758,±88,774,±104,789,±99,767,±346
GROSS RENT AS A PERCENTAGE OF HOUSEHOLD INCOME IN THE PAST 12 MONTHS,,,,,,,,,,,,,,,,,,,,
    Occupied units paying rent (excluding units where GRAPI cannot be computed),"17,907","±2,303","24,306","±2,673","23,776","±2,647","18,918","±2,372","25,883","±2,827","25,353","±2,812","35,114","±3,313","30,126","±3,185","28,769","±3,049","17,236","±2,123"
        Less than 30 percent,72.40%,±6.1,46.90%,±5.4,47.20%,±5.5,71.80%,±5.9,47.40%,±5.2,47.60%,±5.3,46.00%,±5.6,47.10%,±6.0,47.20%,±6.0,49.90%,±8.3
        30 percent or more,27.60%,±6.1,53.10%,±5.4,52.80%,±5.5,28.20%,±5.9,52.60%,±5.2,52.40%,±5.3,54.00%,±5.6,52.90%,±6.0,52.80%,±6.0,50.10%,±8.3
GROSS RENT,,,,,,,,,,,,,,,,,,,,
    Occupied units paying rent,"18,264","±2,413","28,018","±3,030","27,433","±2,991","19,275","±2,477","29,595","±3,171","29,010","±3,140","35,415","±3,314","30,427","±3,203","28,995","±3,055","17,236","±2,123"
        Median gross rent (dollars),"1,890",±96,"1,709",±133,"1,698",±142,"1,877",±89,"1,722",±120,"1,713",±127,"1,523",±95,"1,575",±101,"1,593",±98,"1,520",±164
COMPUTERS AND INTERNET USE,,,,,,,,,,,,,,,,,,,,
    Total households,"42,451","±3,067","64,238","±3,639","62,820","±3,645","44,772","±2,954","68,371","±3,850","66,887","±3,900","59,108","±4,080","50,042","±3,980","46,504","±3,663","22,861","±2,421"
        With a computer,99.50%,±0.4,95.50%,±1.8,95.40%,±1.8,99.30%,±0.4,95.50%,±1.7,95.40%,±1.8,94.90%,±1.7,94.80%,±1.9,95.10%,±1.9,93.60%,±3.0
        With a broadband Internet subscription,98.40%,±1.0,93.00%,±1.7,92.90%,±1.8,98.30%,±1.0,92.90%,±1.7,92.80%,±1.8,89.20%,±2.3,89.80%,±2.5,90.10%,±2.6,85.10%,±4.9
